Horodateur,Date,Lieu,Mon deck ?,Gagnant ?
09/01/2025 23:31:57,07/01/2025,Mauvais Joueurs,Pako / Haldan,N
09/01/2025 23:32:08,07/01/2025,Mauvais Joueurs,Shroofus,N
11/01/2025 19:55:44,11/01/2025,@Joël,Captain America,Y
11/01/2025 21:00:35,11/01/2025,@Joël,Eleven / Will,N
11/01/2025 23:11:29,11/01/2025,@Joël,Yuriko,N
23/02/2025 17:38:56,23/02/2025,Playin Rivoli,Captain America,N
23/02/2025 19:22:30,23/02/2025,Playin Rivoli,Shroofus,Y
23/02/2025 19:22:57,23/02/2025,Playin Rivoli,Meren,N
03/03/2025 19:53:07,03/03/2025,Playin Rivoli,Eowyn,N
03/03/2025 22:57:37,03/03/2025,Playin Rivoli,Meren,N
03/03/2025 22:57:59,03/03/2025,Playin Rivoli,Jodah,N
03/03/2025 22:58:12,03/03/2025,Playin Rivoli,Etali,N
09/03/2025 20:53:31,09/03/2025,Playin Rivoli,Amalia,N
09/03/2025 20:53:52,09/03/2025,Playin Rivoli,Marwyn,Y
16/03/2025 23:23:47,16/03/2025,@Joël,Rocco,N
22/04/2025 02:35:58,19/04/2025,Playin Rivoli,Meren,N
22/04/2025 02:36:09,19/04/2025,Playin Rivoli,Eowyn,N
22/04/2025 02:36:25,19/04/2025,Playin Rivoli,Eowyn,N
22/04/2025 02:36:41,19/04/2025,Playin Rivoli,Descent into Avernus,N
27/04/2025 21:23:22,27/04/2025,Playin Rivoli,Jodah,Y
27/04/2025 21:23:39,27/04/2025,Playin Rivoli,Jodah,Y
27/04/2025 21:24:22,27/04/2025,Playin Rivoli,Amalia,Y
27/04/2025 21:24:45,27/04/2025,Playin Rivoli,Laezel,N
04/05/2025 19:48:52,04/05/2025,Playin Rivoli,Meren,N
04/05/2025 19:49:26,04/05/2025,Playin Rivoli,Tom Bombadil,Y
04/05/2025 19:49:40,04/05/2025,Playin Rivoli,Ruhan,N
17/06/2025 15:57:50,15/06/2025,@Joël,Amalia,N
17/06/2025 15:58:05,15/06/2025,@Joël,Davros,Y
17/06/2025 15:58:20,15/06/2025,@Joël,Captain America,N
21/06/2025 22:33:29,21/06/2025,Playin BNF,Amalia,N
21/06/2025 22:34:04,21/06/2025,Playin BNF,Meren,N
21/06/2025 22:34:32,21/06/2025,Playin BNF,Rocco,Y
21/06/2025 22:35:06,21/06/2025,Playin BNF,Laezel,Y
02/07/2025 21:24:46,02/07/2025,Playin BNF,Choco,Y
02/07/2025 21:24:46,02/07/2025,Playin BNF,Choco,Y
02/07/2025 21:24:46,02/07/2025,Playin BNF,Tom Bombadil,N
02/07/2025 21:24:46,02/07/2025,Playin BNF,Tom Bombadil,Y
10/07/2025 00:46:20,02/07/2025,Playin BNF,Choco,N
10/07/2025 00:46:31,10/07/2025,Playin BNF,Tom Bombadil,N
10/07/2025 00:46:43,10/07/2025,Playin BNF,Tom Bombadil,N
10/07/2025 00:46:57,10/07/2025,Playin BNF,Jodah,N
22/07/2025 16:32:52,19/07/2025,Playin Rivoli,Choco,Y
22/07/2025 16:33:11,19/07/2025,Playin Rivoli,Tom Bombadil,N
22/07/2025 16:33:22,18/07/2025,Playin Rivoli,Tom Bombadil,N
23/07/2025 11:24:54,22/07/2025,Mauvais Joueurs,Tom Bombadil,Y
23/07/2025 11:25:03,22/07/2025,Mauvais Joueurs,Tom Bombadil,N
23/07/2025 11:25:16,22/07/2025,Mauvais Joueurs,Rocco,N
27/07/2025 21:53:55,27/07/2025,Playin Rivoli,Davros,N
27/07/2025 21:54:08,27/07/2025,Playin Rivoli,Meren,Y
27/07/2025 21:54:30,27/07/2025,Playin Rivoli,Omnath,N
27/07/2025 21:54:40,27/07/2025,Playin Rivoli,Jodah,N
27/07/2025 21:54:59,27/07/2025,Playin Rivoli,Jodah,N
03/08/2025 20:36:36,03/08/2025,Playin Rivoli,Omnath,N
03/08/2025 20:36:52,03/08/2025,Playin Rivoli,Omnath,N
03/08/2025 20:37:13,03/08/2025,Playin Rivoli,Captain America,N
10/08/2025 20:21:45,10/08/2025,Playin Rivoli,Eowyn,N
10/08/2025 20:21:59,10/08/2025,Playin Rivoli,Tom Bombadil,N
11/08/2025 23:27:37,11/08/2025,Playin Rivoli,Eowyn,Y
11/08/2025 23:27:48,11/08/2025,Playin Rivoli,Tom Bombadil,N
11/08/2025 23:27:58,11/08/2025,Playin Rivoli,Omnath,Y
13/08/2025 23:03:45,13/08/2025,Playin BNF,Amalia,N
13/08/2025 23:05:03,13/08/2025,Playin BNF,Choco,Y
13/08/2025 23:05:16,13/08/2025,Playin BNF,Eowyn,N
17/08/2025 22:35:47,17/08/2025,Playin Rivoli,Amalia,Y
17/08/2025 22:36:11,17/08/2025,Playin Rivoli,Meren,Y
17/08/2025 22:36:30,17/08/2025,Playin Rivoli,Rocco,Y
20/08/2025 23:23:42,20/08/2025,Playin BNF,Eowyn,N
20/08/2025 23:24:18,20/08/2025,Playin BNF,Meren,Y
25/08/2025 22:34:58,25/08/2025,Playin Rivoli,Eleven / Will,Y
25/08/2025 22:35:12,25/08/2025,Playin Rivoli,Ruhan,N
25/08/2025 22:35:36,25/08/2025,Playin Rivoli,Osgir,N
31/08/2025 00:42:49,30/08/2025,Playin Rivoli,Greven,Y
31/08/2025 00:43:10,30/08/2025,Playin Rivoli,Terra,N
31/08/2025 00:43:40,30/08/2025,Playin Rivoli,Davros,N
14/09/2025 17:40:28,14/09/2025,@Joël,Terra,N
14/09/2025 17:40:43,14/09/2025,@Joël,Shadow,N
06/10/2025 13:36:51,05/10/2025,Playin Rivoli,Choco,N
06/10/2025 13:37:03,05/10/2025,Playin Rivoli,Pako / Haldan,Y
06/10/2025 13:37:29,05/10/2025,Playin Rivoli,Jodah,N
26/10/2025 23:59:43,26/10/2025,Playin Rivoli,Terra,N
27/10/2025 00:00:02,26/10/2025,Playin Rivoli,Eowyn,Y
27/10/2025 00:00:17,26/10/2025,Playin Rivoli,Eowyn,N
27/10/2025 00:00:29,26/10/2025,Playin Rivoli,Meren,Y
09/11/2025 21:35:22,09/11/2025,Playin Rivoli,Omnath,Y
09/11/2025 21:35:33,09/11/2025,Playin Rivoli,Osgir,N
09/11/2025 21:36:40,09/11/2025,Playin Rivoli,Rocco,N
03/12/2025 11:24:18,30/11/2025,Playin Rivoli,Terra,N
03/12/2025 11:24:40,30/11/2025,Playin Rivoli,Bumbleflower,Y
14/12/2025 20:00:53,14/12/2025,@Joël,Terra,Y
14/12/2025 20:01:06,14/12/2025,@Joël,Choco,Y
21/12/2025 19:47:23,21/12/2025,Playin Rivoli,Abdel Adrian,Y
21/12/2025 19:47:58,21/12/2025,Playin BNF,Eowyn,Y
21/12/2025 19:49:24,21/12/2025,Playin Rivoli,Bumbleflower,N
21/12/2025 19:49:36,21/12/2025,Playin Rivoli,Rocco,Y
23/12/2025 22:54:19,23/12/2025,Mauvais Joueurs,Greven,N
23/12/2025 22:54:44,23/12/2025,Mauvais Joueurs,Greven,N
23/12/2025 22:54:53,23/12/2025,Mauvais Joueurs,Yuriko,Y